tipo,nome,tabela,definicao
CONSTRAINT,collaborators_pkey,collaborators,PRIMARY KEY (id)
CONSTRAINT,folders_created_by_fkey,folders,FOREIGN KEY (created_by) REFERENCES auth.users(id)
CONSTRAINT,folders_parent_id_fkey,folders,FOREIGN KEY (parent_id) REFERENCES folders(id) ON DELETE CASCADE
CONSTRAINT,folders_pkey,folders,PRIMARY KEY (id)
CONSTRAINT,instructors_pkey,instructors,PRIMARY KEY (id)
CONSTRAINT,materials_created_by_fkey,materials,FOREIGN KEY (created_by) REFERENCES auth.users(id)
CONSTRAINT,materials_folder_id_fkey,materials,FOREIGN KEY (folder_id) REFERENCES folders(id) ON DELETE CASCADE
CONSTRAINT,materials_pkey,materials,PRIMARY KEY (id)
CONSTRAINT,quiz_attempts_pkey,quiz_attempts,PRIMARY KEY (id)
CONSTRAINT,quiz_attempts_training_id_fkey,quiz_attempts,FOREIGN KEY (training_id) REFERENCES trainings(id) ON DELETE CASCADE
CONSTRAINT,quiz_questions_correct_option_check,quiz_questions,"CHECK ((correct_option = ANY (ARRAY['a'::text, 'b'::text, 'c'::text, 'd'::text])))"
CONSTRAINT,quiz_questions_pkey,quiz_questions,PRIMARY KEY (id)
CONSTRAINT,quiz_questions_training_id_fkey,quiz_questions,FOREIGN KEY (training_id) REFERENCES trainings(id) ON DELETE CASCADE
CONSTRAINT,schedule_audit_log_pkey,schedule_audit_log,PRIMARY KEY (id)
CONSTRAINT,soc_micro_trainings_pkey,soc_micro_trainings,PRIMARY KEY (id)
CONSTRAINT,socs_name_key,socs,UNIQUE (name)
CONSTRAINT,socs_pkey,socs,PRIMARY KEY (id)
CONSTRAINT,sync_locks_pkey,sync_locks,PRIMARY KEY (id)
CONSTRAINT,training_folders_parent_id_fkey,training_folders,FOREIGN KEY (parent_id) REFERENCES training_folders(id)
CONSTRAINT,training_folders_pkey,training_folders,PRIMARY KEY (id)
CONSTRAINT,training_schedule_enrollments_enrolled_by_fkey,training_schedule_enrollments,FOREIGN KEY (enrolled_by) REFERENCES auth.users(id)
CONSTRAINT,training_schedule_enrollments_pkey,training_schedule_enrollments,PRIMARY KEY (id)
CONSTRAINT,training_schedule_enrollments_schedule_id_collaborator_id_s_key,training_schedule_enrollments,"UNIQUE (schedule_id, collaborator_id, scheduled_date)"
CONSTRAINT,training_schedule_enrollments_schedule_id_fkey,training_schedule_enrollments,FOREIGN KEY (schedule_id) REFERENCES training_schedules(id) ON DELETE CASCADE
CONSTRAINT,training_schedules_pkey,training_schedules,PRIMARY KEY (id)
CONSTRAINT,training_scheduling_request_collaborators_pkey,training_scheduling_request_collaborators,PRIMARY KEY (id)
CONSTRAINT,training_scheduling_request_collaborators_request_id_fkey,training_scheduling_request_collaborators,FOREIGN KEY (request_id) REFERENCES training_scheduling_requests(id) ON DELETE CASCADE
CONSTRAINT,training_scheduling_requests_pkey,training_scheduling_requests,PRIMARY KEY (id)
CONSTRAINT,training_scheduling_requests_requested_by_fkey,training_scheduling_requests,FOREIGN KEY (requested_by) REFERENCES auth.users(id) ON DELETE SET NULL
CONSTRAINT,trainings_folder_id_fkey,trainings,FOREIGN KEY (folder_id) REFERENCES training_folders(id) ON DELETE SET NULL
CONSTRAINT,trainings_pkey,trainings,PRIMARY KEY (id)
CONSTRAINT,trainings_completed_collaborator_id_fkey,trainings_completed,FOREIGN KEY (collaborator_id) REFERENCES collaborators(id) ON DELETE SET NULL
CONSTRAINT,trainings_completed_pkey,trainings_completed,PRIMARY KEY (id)
CONSTRAINT,trainings_completed_registered_by_fkey,trainings_completed,FOREIGN KEY (registered_by) REFERENCES auth.users(id)
CONSTRAINT,units_name_key,units,UNIQUE (name)
CONSTRAINT,units_pkey,units,PRIMARY KEY (id)
CONSTRAINT,users_profiles_id_fkey,users_profiles,FOREIGN KEY (id) REFERENCES auth.users(id) ON DELETE CASCADE
CONSTRAINT,users_profiles_pkey,users_profiles,PRIMARY KEY (id)
CONSTRAINT,users_profiles_role_check,users_profiles,"CHECK ((lower(TRIM(BOTH FROM role)) = ANY (ARRAY['master'::text, 'admin'::text, 'user'::text, 'lider'::text, 'bpo'::text, 'pcp'::text])))"
INDICE,collaborators_pkey,collaborators,CREATE UNIQUE INDEX collaborators_pkey ON public.collaborators USING btree (id)
INDICE,idx_collaborators_name,collaborators,CREATE INDEX idx_collaborators_name ON public.collaborators USING btree (name)
INDICE,idx_collaborators_name_soc_unique,collaborators,"CREATE UNIQUE INDEX idx_collaborators_name_soc_unique ON public.collaborators USING btree (name, soc)"
INDICE,idx_collaborators_opsid,collaborators,CREATE INDEX idx_collaborators_opsid ON public.collaborators USING btree (opsid)
INDICE,idx_collaborators_sector,collaborators,CREATE INDEX idx_collaborators_sector ON public.collaborators USING btree (sector)
INDICE,idx_collaborators_soc,collaborators,CREATE INDEX idx_collaborators_soc ON public.collaborators USING btree (soc)
INDICE,folders_pkey,folders,CREATE UNIQUE INDEX folders_pkey ON public.folders USING btree (id)
INDICE,idx_folders_parent_id,folders,CREATE INDEX idx_folders_parent_id ON public.folders USING btree (parent_id)
INDICE,instructors_pkey,instructors,CREATE UNIQUE INDEX instructors_pkey ON public.instructors USING btree (id)
INDICE,idx_materials_folder_id,materials,CREATE INDEX idx_materials_folder_id ON public.materials USING btree (folder_id)
INDICE,materials_pkey,materials,CREATE UNIQUE INDEX materials_pkey ON public.materials USING btree (id)
INDICE,quiz_attempts_pkey,quiz_attempts,CREATE UNIQUE INDEX quiz_attempts_pkey ON public.quiz_attempts USING btree (id)
INDICE,quiz_questions_pkey,quiz_questions,CREATE UNIQUE INDEX quiz_questions_pkey ON public.quiz_questions USING btree (id)
INDICE,schedule_audit_log_pkey,schedule_audit_log,CREATE UNIQUE INDEX schedule_audit_log_pkey ON public.schedule_audit_log USING btree (id)
INDICE,soc_micro_trainings_pkey,soc_micro_trainings,CREATE UNIQUE INDEX soc_micro_trainings_pkey ON public.soc_micro_trainings USING btree (id)
INDICE,socs_name_key,socs,CREATE UNIQUE INDEX socs_name_key ON public.socs USING btree (name)
INDICE,socs_pkey,socs,CREATE UNIQUE INDEX socs_pkey ON public.socs USING btree (id)
INDICE,sync_locks_pkey,sync_locks,CREATE UNIQUE INDEX sync_locks_pkey ON public.sync_locks USING btree (id)
INDICE,training_folders_pkey,training_folders,CREATE UNIQUE INDEX training_folders_pkey ON public.training_folders USING btree (id)
INDICE,idx_enrollment_date,training_schedule_enrollments,CREATE INDEX idx_enrollment_date ON public.training_schedule_enrollments USING btree (scheduled_date)
INDICE,idx_enrollment_schedule,training_schedule_enrollments,CREATE INDEX idx_enrollment_schedule ON public.training_schedule_enrollments USING btree (schedule_id)
INDICE,training_schedule_enrollments_pkey,training_schedule_enrollments,CREATE UNIQUE INDEX training_schedule_enrollments_pkey ON public.training_schedule_enrollments USING btree (id)
INDICE,training_schedule_enrollments_schedule_id_collaborator_id_s_key,training_schedule_enrollments,"CREATE UNIQUE INDEX training_schedule_enrollments_schedule_id_collaborator_id_s_key ON public.training_schedule_enrollments USING btree (schedule_id, collaborator_id, scheduled_date)"
INDICE,idx_schedule_day,training_schedules,CREATE INDEX idx_schedule_day ON public.training_schedules USING btree (day_of_week)
INDICE,training_schedules_pkey,training_schedules,CREATE UNIQUE INDEX training_schedules_pkey ON public.training_schedules USING btree (id)
INDICE,training_scheduling_request_collaborators_pkey,training_scheduling_request_collaborators,CREATE UNIQUE INDEX training_scheduling_request_collaborators_pkey ON public.training_scheduling_request_collaborators USING btree (id)
INDICE,training_scheduling_requests_pkey,training_scheduling_requests,CREATE UNIQUE INDEX training_scheduling_requests_pkey ON public.training_scheduling_requests USING btree (id)
INDICE,trainings_pkey,trainings,CREATE UNIQUE INDEX trainings_pkey ON public.trainings USING btree (id)
INDICE,idx_trainings_completed_collab_id,trainings_completed,CREATE INDEX idx_trainings_completed_collab_id ON public.trainings_completed USING btree (collaborator_id)
INDICE,idx_trainings_completed_collaborator_soc,trainings_completed,CREATE INDEX idx_trainings_completed_collaborator_soc ON public.trainings_completed USING btree (collaborator_soc)
INDICE,idx_trainings_completed_completed_at,trainings_completed,CREATE INDEX idx_trainings_completed_completed_at ON public.trainings_completed USING btree (completed_at DESC)
INDICE,idx_trainings_completed_instructor,trainings_completed,CREATE INDEX idx_trainings_completed_instructor ON public.trainings_completed USING btree (instructor_name)
INDICE,idx_trainings_completed_training,trainings_completed,CREATE INDEX idx_trainings_completed_training ON public.trainings_completed USING btree (training_type)
INDICE,trainings_completed_pkey,trainings_completed,CREATE UNIQUE INDEX trainings_completed_pkey ON public.trainings_completed USING btree (id)
INDICE,units_name_key,units,CREATE UNIQUE INDEX units_name_key ON public.units USING btree (name)
INDICE,units_pkey,units,CREATE UNIQUE INDEX units_pkey ON public.units USING btree (id)
INDICE,users_profiles_pkey,users_profiles,CREATE UNIQUE INDEX users_profiles_pkey ON public.users_profiles USING btree (id)